fnl,gain,loss,prod
7999.0,7999.0,7999.0,7999.0
190456.5454431804,1005.2726590823853,77.48543567945993,2065.810101262658
106418.46972519183,7164.778566415557,378.352748380673,14329.48448908748
19214.0,0.0,0.0,-28.0
118221.0,0.0,0.0,42.0
178353.0,0.0,0.0,57.0
238030.5,0.0,0.0,77.0
1455435.0,99999.0,3770.0,200110.0
